,flow,date,height,sitecode
0,9.43,2020-10-29T16:45:00.000-06:00,1.40,07083000
1,9.43,2020-10-29T17:00:00.000-06:00,1.40,07083000
2,9.75,2020-10-29T17:15:00.000-06:00,1.41,07083000
3,9.75,2020-10-29T17:30:00.000-06:00,1.41,07083000
4,9.43,2020-10-29T17:45:00.000-06:00,1.40,07083000
5,9.43,2020-10-29T18:00:00.000-06:00,1.40,07083000
6,9.43,2020-10-29T18:15:00.000-06:00,1.40,07083000
7,9.43,2020-10-29T18:30:00.000-06:00,1.40,07083000
8,9.43,2020-10-29T18:45:00.000-06:00,1.40,07083000
9,9.43,2020-10-29T19:00:00.000-06:00,1.40,07083000
10,9.43,2020-10-29T19:15:00.000-06:00,1.40,07083000
11,9.43,2020-10-29T19:30:00.000-06:00,1.40,07083000
12,9.43,2020-10-29T19:45:00.000-06:00,1.40,07083000
13,9.43,2020-10-29T20:00:00.000-06:00,1.40,07083000
14,9.43,2020-10-29T20:15:00.000-06:00,1.40,07083000
15,9.43,2020-10-29T20:30:00.000-06:00,1.40,07083000
16,9.43,2020-10-29T20:45:00.000-06:00,1.40,07083000
17,9.44,2020-10-29T21:00:00.000-06:00,1.40,07083000
18,9.36,2020-10-30T01:00:00.000-06:00,1.45,07083000
19,9.24,2020-10-30T05:00:00.000-06:00,1.45,07083000
20,9.16,2020-10-30T09:00:00.000-06:00,1.55,07083000
21,9.14,2020-10-30T13:00:00.000-06:00,1.47,07083000
22,9.12,2020-10-30T16:00:00.000-06:00,1.39,07083000
23,9.12,2020-10-30T16:15:00.000-06:00,1.39,07083000
24,8.82,2020-10-30T16:30:00.000-06:00,1.38,07083000
25,9.12,2020-10-30T16:45:00.000-06:00,1.39,07083000
26,9.12,2020-10-30T17:00:00.000-06:00,1.39,07083000
27,9.12,2020-10-30T17:15:00.000-06:00,1.39,07083000
28,9.12,2020-10-30T17:30:00.000-06:00,1.39,07083000
29,9.12,2020-10-30T17:45:00.000-06:00,1.39,07083000
30,8.82,2020-10-30T18:00:00.000-06:00,1.38,07083000
31,8.82,2020-10-30T18:15:00.000-06:00,1.38,07083000
32,8.82,2020-10-30T18:30:00.000-06:00,1.38,07083000
33,8.82,2020-10-30T18:45:00.000-06:00,1.38,07083000
34,9.12,2020-10-30T19:00:00.000-06:00,1.39,07083000
35,9.12,2020-10-30T19:15:00.000-06:00,1.39,07083000
36,9.12,2020-10-30T19:30:00.000-06:00,1.39,07083000
37,9.12,2020-10-30T19:45:00.000-06:00,1.39,07083000
38,9.12,2020-10-30T20:00:00.000-06:00,1.39,07083000
39,9.12,2020-10-30T20:15:00.000-06:00,1.39,07083000
40,9.11,2020-10-30T20:30:00.000-06:00,1.39,07083000
41,8.95,2020-10-31T00:30:00.000-06:00,1.48,07083000
42,8.84,2020-10-31T04:30:00.000-06:00,1.57,07083000
43,8.74,2020-10-31T08:30:00.000-06:00,1.69,07083000
44,8.60,2020-10-31T12:30:00.000-06:00,1.51,07083000
45,8.52,2020-10-31T14:30:00.000-06:00,1.37,07083000
46,8.52,2020-10-31T14:45:00.000-06:00,1.37,07083000
47,8.52,2020-10-31T15:00:00.000-06:00,1.37,07083000
48,8.52,2020-10-31T15:15:00.000-06:00,1.37,07083000
49,8.52,2020-10-31T15:30:00.000-06:00,1.37,07083000
50,8.23,2020-10-31T15:45:00.000-06:00,1.36,07083000
51,8.23,2020-10-31T16:00:00.000-06:00,1.36,07083000
52,8.23,2020-10-31T16:15:00.000-06:00,1.36,07083000
53,8.23,2020-10-31T16:30:00.000-06:00,1.36,07083000
54,8.52,2020-10-31T16:45:00.000-06:00,1.37,07083000
55,8.23,2020-10-31T17:00:00.000-06:00,1.36,07083000
56,8.52,2020-10-31T17:15:00.000-06:00,1.37,07083000
57,8.52,2020-10-31T17:30:00.000-06:00,1.37,07083000
58,8.52,2020-10-31T17:45:00.000-06:00,1.37,07083000
59,8.23,2020-10-31T18:00:00.000-06:00,1.36,07083000
60,8.23,2020-10-31T18:15:00.000-06:00,1.36,07083000
61,8.23,2020-10-31T18:30:00.000-06:00,1.36,07083000
62,8.23,2020-10-31T18:45:00.000-06:00,1.36,07083000
63,8.52,2020-10-31T19:00:00.000-06:00,1.37,07083000
64,8.52,2020-10-31T19:15:00.000-06:00,1.37,07083000
65,8.52,2020-10-31T19:30:00.000-06:00,1.37,07083000
66,8.52,2020-10-31T19:45:00.000-06:00,1.37,07083000
67,8.82,2020-10-31T20:00:00.000-06:00,1.38,07083000
68,8.52,2020-10-31T20:15:00.000-06:00,1.37,07083000
69,8.52,2020-10-31T20:30:00.000-06:00,1.37,07083000
70,8.52,2020-10-31T20:45:00.000-06:00,1.37,07083000
71,8.52,2020-10-31T21:00:00.000-06:00,1.37,07083000
72,8.52,2020-10-31T21:15:00.000-06:00,1.37,07083000
73,8.51,2020-10-31T21:30:00.000-06:00,1.37,07083000
74,8.49,2020-11-01T01:30:00.000-06:00,1.50,07083000
75,8.49,2020-11-01T04:30:00.000-07:00,1.60,07083000
76,8.49,2020-11-01T08:30:00.000-07:00,1.72,07083000
77,8.51,2020-11-01T12:30:00.000-07:00,1.48,07083000
78,8.52,2020-11-01T16:15:00.000-07:00,1.37,07083000
79,8.52,2020-11-01T16:30:00.000-07:00,1.37,07083000
80,8.82,2020-11-01T16:45:00.000-07:00,1.38,07083000
81,8.82,2020-11-01T17:00:00.000-07:00,1.38,07083000
82,8.82,2020-11-01T17:15:00.000-07:00,1.38,07083000
83,8.82,2020-11-01T17:30:00.000-07:00,1.38,07083000
84,8.82,2020-11-01T17:45:00.000-07:00,1.38,07083000
85,8.82,2020-11-01T18:00:00.000-07:00,1.38,07083000
86,8.82,2020-11-01T18:15:00.000-07:00,1.38,07083000
87,8.82,2020-11-01T18:30:00.000-07:00,1.38,07083000
88,8.82,2020-11-01T18:45:00.000-07:00,1.38,07083000
89,8.82,2020-11-01T19:00:00.000-07:00,1.38,07083000
90,8.82,2020-11-01T19:15:00.000-07:00,1.38,07083000
91,8.82,2020-11-01T19:30:00.000-07:00,1.38,07083000
92,8.82,2020-11-01T19:45:00.000-07:00,1.38,07083000
93,8.52,2020-11-01T20:00:00.000-07:00,1.37,07083000
94,8.82,2020-11-01T20:15:00.000-07:00,1.38,07083000
95,8.52,2020-11-01T20:30:00.000-07:00,1.37,07083000
96,8.52,2020-11-01T20:45:00.000-07:00,1.37,07083000
97,8.52,2020-11-01T21:00:00.000-07:00,1.37,07083000
98,8.52,2020-11-01T21:15:00.000-07:00,1.37,07083000
99,8.52,2020-11-01T21:30:00.000-07:00,1.37,07083000
100,8.52,2020-11-01T21:45:00.000-07:00,1.37,07083000
101,8.52,2020-11-01T22:00:00.000-07:00,1.37,07083000
102,8.52,2020-11-01T22:15:00.000-07:00,1.37,07083000
103,8.53,2020-11-01T22:30:00.000-07:00,1.37,07083000
104,8.51,2020-11-02T02:30:00.000-07:00,1.50,07083000
105,8.47,2020-11-02T06:30:00.000-07:00,1.59,07083000
106,8.36,2020-11-02T10:30:00.000-07:00,1.53,07083000
107,8.24,2020-11-02T14:30:00.000-07:00,1.37,07083000
108,8.23,2020-11-02T15:15:00.000-07:00,1.36,07083000
109,7.95,2020-11-02T15:30:00.000-07:00,1.35,07083000
110,7.95,2020-11-02T15:45:00.000-07:00,1.35,07083000
111,7.95,2020-11-02T16:00:00.000-07:00,1.35,07083000
112,8.23,2020-11-02T16:15:00.000-07:00,1.36,07083000
113,8.23,2020-11-02T16:30:00.000-07:00,1.36,07083000
114,8.23,2020-11-02T16:45:00.000-07:00,1.36,07083000
115,8.23,2020-11-02T17:00:00.000-07:00,1.36,07083000
116,8.23,2020-11-02T17:15:00.000-07:00,1.36,07083000
117,8.23,2020-11-02T17:30:00.000-07:00,1.36,07083000
118,8.23,2020-11-02T17:45:00.000-07:00,1.36,07083000
119,8.23,2020-11-02T18:00:00.000-07:00,1.36,07083000
120,8.52,2020-11-02T18:15:00.000-07:00,1.37,07083000
121,8.82,2020-11-02T18:30:00.000-07:00,1.38,07083000
122,8.52,2020-11-02T18:45:00.000-07:00,1.37,07083000
123,8.52,2020-11-02T19:00:00.000-07:00,1.37,07083000
124,8.52,2020-11-02T19:15:00.000-07:00,1.37,07083000
125,8.52,2020-11-02T19:30:00.000-07:00,1.37,07083000
126,8.52,2020-11-02T19:45:00.000-07:00,1.37,07083000
127,8.52,2020-11-02T20:00:00.000-07:00,1.37,07083000
128,8.52,2020-11-02T20:15:00.000-07:00,1.37,07083000
129,8.52,2020-11-02T20:30:00.000-07:00,1.37,07083000
130,8.23,2020-11-02T20:45:00.000-07:00,1.36,07083000
131,8.52,2020-11-02T21:00:00.000-07:00,1.37,07083000
132,8.23,2020-11-02T21:15:00.000-07:00,1.36,07083000
133,8.52,2020-11-02T21:30:00.000-07:00,1.37,07083000
134,8.52,2020-11-02T21:45:00.000-07:00,1.37,07083000
135,8.52,2020-11-02T22:00:00.000-07:00,1.37,07083000
136,8.52,2020-11-02T22:15:00.000-07:00,1.37,07083000
137,8.52,2020-11-02T22:30:00.000-07:00,1.37,07083000
138,8.23,2020-11-02T22:45:00.000-07:00,1.36,07083000
139,8.23,2020-11-02T23:00:00.000-07:00,1.36,07083000
140,8.23,2020-11-02T23:15:00.000-07:00,1.36,07083000
141,8.23,2020-11-02T23:30:00.000-07:00,1.36,07083000
142,8.23,2020-11-02T23:45:00.000-07:00,1.36,07083000
143,8.23,2020-11-03T00:00:00.000-07:00,1.36,07083000
144,8.23,2020-11-03T00:15:00.000-07:00,1.36,07083000
145,8.23,2020-11-03T00:30:00.000-07:00,1.36,07083000
146,8.23,2020-11-03T00:45:00.000-07:00,1.36,07083000
147,8.23,2020-11-03T01:00:00.000-07:00,1.36,07083000
148,8.23,2020-11-03T01:15:00.000-07:00,1.36,07083000
149,8.22,2020-11-03T01:30:00.000-07:00,1.36,07083000
150,8.08,2020-11-03T05:30:00.000-07:00,1.47,07083000
151,7.86,2020-11-03T09:30:00.000-07:00,1.50,07083000
152,7.67,2020-11-03T11:45:00.000-07:00,1.34,07083000
153,7.67,2020-11-03T12:00:00.000-07:00,1.34,07083000
154,7.67,2020-11-03T12:15:00.000-07:00,1.34,07083000
155,7.67,2020-11-03T12:30:00.000-07:00,1.34,07083000
156,7.67,2020-11-03T12:45:00.000-07:00,1.34,07083000
157,7.67,2020-11-03T13:00:00.000-07:00,1.34,07083000
158,7.67,2020-11-03T13:15:00.000-07:00,1.34,07083000
159,7.67,2020-11-03T13:30:00.000-07:00,1.34,07083000
160,7.67,2020-11-03T13:45:00.000-07:00,1.34,07083000
161,7.95,2020-11-03T14:00:00.000-07:00,1.35,07083000
162,7.95,2020-11-03T14:15:00.000-07:00,1.35,07083000
163,7.95,2020-11-03T14:30:00.000-07:00,1.35,07083000
164,7.95,2020-11-03T14:45:00.000-07:00,1.35,07083000
165,7.95,2020-11-03T15:00:00.000-07:00,1.35,07083000
166,7.95,2020-11-03T15:15:00.000-07:00,1.35,07083000
167,7.95,2020-11-03T15:30:00.000-07:00,1.35,07083000
168,7.95,2020-11-03T15:45:00.000-07:00,1.35,07083000
169,7.95,2020-11-03T16:00:00.000-07:00,1.35,07083000
170,7.95,2020-11-03T16:15:00.000-07:00,1.35,07083000
171,7.95,2020-11-03T16:30:00.000-07:00,1.35,07083000
172,8.23,2020-11-03T16:45:00.000-07:00,1.36,07083000
173,8.23,2020-11-03T17:00:00.000-07:00,1.36,07083000
174,8.23,2020-11-03T17:15:00.000-07:00,1.36,07083000
175,8.23,2020-11-03T17:30:00.000-07:00,1.36,07083000
176,8.23,2020-11-03T17:45:00.000-07:00,1.36,07083000
177,8.23,2020-11-03T18:00:00.000-07:00,1.36,07083000
178,8.23,2020-11-03T18:15:00.000-07:00,1.36,07083000
179,8.23,2020-11-03T18:30:00.000-07:00,1.36,07083000
180,8.23,2020-11-03T18:45:00.000-07:00,1.36,07083000
181,8.23,2020-11-03T19:00:00.000-07:00,1.36,07083000
182,8.23,2020-11-03T19:15:00.000-07:00,1.36,07083000
183,8.23,2020-11-03T19:30:00.000-07:00,1.36,07083000
184,7.95,2020-11-03T19:45:00.000-07:00,1.35,07083000
185,8.23,2020-11-03T20:00:00.000-07:00,1.36,07083000
186,8.23,2020-11-03T20:15:00.000-07:00,1.36,07083000
187,8.23,2020-11-03T20:30:00.000-07:00,1.36,07083000
188,8.23,2020-11-03T20:45:00.000-07:00,1.36,07083000
189,8.23,2020-11-03T21:00:00.000-07:00,1.36,07083000
190,8.23,2020-11-03T21:15:00.000-07:00,1.36,07083000
191,8.23,2020-11-03T21:30:00.000-07:00,1.36,07083000
192,8.23,2020-11-03T21:45:00.000-07:00,1.36,07083000
193,8.23,2020-11-03T22:00:00.000-07:00,1.36,07083000
194,8.23,2020-11-03T22:15:00.000-07:00,1.36,07083000
195,8.23,2020-11-03T22:30:00.000-07:00,1.36,07083000
196,8.23,2020-11-03T22:45:00.000-07:00,1.36,07083000
197,8.23,2020-11-03T23:00:00.000-07:00,1.36,07083000
198,7.95,2020-11-03T23:15:00.000-07:00,1.35,07083000
199,8.23,2020-11-03T23:30:00.000-07:00,1.36,07083000
200,7.95,2020-11-03T23:45:00.000-07:00,1.35,07083000
201,7.95,2020-11-04T00:00:00.000-07:00,1.35,07083000
202,7.95,2020-11-04T00:15:00.000-07:00,1.35,07083000
203,7.95,2020-11-04T00:30:00.000-07:00,1.35,07083000
204,7.95,2020-11-04T00:45:00.000-07:00,1.35,07083000
205,7.95,2020-11-04T01:00:00.000-07:00,1.35,07083000
206,7.95,2020-11-04T01:15:00.000-07:00,1.35,07083000
207,7.95,2020-11-04T01:30:00.000-07:00,1.35,07083000
208,7.95,2020-11-04T01:45:00.000-07:00,1.35,07083000
209,7.95,2020-11-04T02:00:00.000-07:00,1.35,07083000
210,7.95,2020-11-04T02:15:00.000-07:00,1.35,07083000
211,7.95,2020-11-04T02:30:00.000-07:00,1.35,07083000
212,7.95,2020-11-04T02:45:00.000-07:00,1.35,07083000
213,7.95,2020-11-04T03:00:00.000-07:00,1.35,07083000
214,7.69,2020-11-04T03:15:00.000-07:00,1.34,07083000
215,7.52,2020-11-04T07:15:00.000-07:00,1.42,07083000
216,7.42,2020-11-04T11:15:00.000-07:00,1.34,07083000
217,7.40,2020-11-04T12:00:00.000-07:00,1.33,07083000
218,7.67,2020-11-04T12:15:00.000-07:00,1.34,07083000
219,7.40,2020-11-04T12:30:00.000-07:00,1.33,07083000
220,7.40,2020-11-04T12:45:00.000-07:00,1.33,07083000
221,7.67,2020-11-04T13:00:00.000-07:00,1.34,07083000
222,7.40,2020-11-04T13:15:00.000-07:00,1.33,07083000
223,7.40,2020-11-04T13:30:00.000-07:00,1.33,07083000
224,7.40,2020-11-04T13:45:00.000-07:00,1.33,07083000
225,7.67,2020-11-04T14:00:00.000-07:00,1.34,07083000
226,7.40,2020-11-04T14:15:00.000-07:00,1.33,07083000
227,7.67,2020-11-04T14:30:00.000-07:00,1.34,07083000
228,7.40,2020-11-04T14:45:00.000-07:00,1.33,07083000
229,7.67,2020-11-04T15:00:00.000-07:00,1.34,07083000
230,7.67,2020-11-04T15:15:00.000-07:00,1.34,07083000
231,7.40,2020-11-04T15:30:00.000-07:00,1.33,07083000
232,7.67,2020-11-04T15:45:00.000-07:00,1.34,07083000
233,7.67,2020-11-04T16:00:00.000-07:00,1.34,07083000
234,7.67,2020-11-04T16:15:00.000-07:00,1.34,07083000
235,7.67,2020-11-04T16:30:00.000-07:00,1.34,07083000
236,7.67,2020-11-04T16:45:00.000-07:00,1.34,07083000
237,7.67,2020-11-04T17:00:00.000-07:00,1.34,07083000
238,7.95,2020-11-04T17:15:00.000-07:00,1.35,07083000
239,7.95,2020-11-04T17:30:00.000-07:00,1.35,07083000
240,7.95,2020-11-04T17:45:00.000-07:00,1.35,07083000
241,8.23,2020-11-04T18:00:00.000-07:00,1.36,07083000
242,8.23,2020-11-04T18:15:00.000-07:00,1.36,07083000
243,8.23,2020-11-04T18:30:00.000-07:00,1.36,07083000
244,8.23,2020-11-04T18:45:00.000-07:00,1.36,07083000
245,7.95,2020-11-04T19:00:00.000-07:00,1.35,07083000
246,7.95,2020-11-04T19:15:00.000-07:00,1.35,07083000
247,7.95,2020-11-04T19:30:00.000-07:00,1.35,07083000
248,7.95,2020-11-04T19:45:00.000-07:00,1.35,07083000
249,7.95,2020-11-04T20:00:00.000-07:00,1.35,07083000
250,7.95,2020-11-04T20:15:00.000-07:00,1.35,07083000
251,7.95,2020-11-04T20:30:00.000-07:00,1.35,07083000
252,7.95,2020-11-04T20:45:00.000-07:00,1.35,07083000
253,8.23,2020-11-04T21:00:00.000-07:00,1.36,07083000
254,7.95,2020-11-04T21:15:00.000-07:00,1.35,07083000
255,7.95,2020-11-04T21:30:00.000-07:00,1.35,07083000
256,8.23,2020-11-04T21:45:00.000-07:00,1.36,07083000
257,7.95,2020-11-04T22:00:00.000-07:00,1.35,07083000
258,8.23,2020-11-04T22:15:00.000-07:00,1.36,07083000
259,7.95,2020-11-04T22:30:00.000-07:00,1.35,07083000
260,7.95,2020-11-04T22:45:00.000-07:00,1.35,07083000
261,7.95,2020-11-04T23:00:00.000-07:00,1.35,07083000
262,7.95,2020-11-04T23:15:00.000-07:00,1.35,07083000
263,7.95,2020-11-04T23:30:00.000-07:00,1.35,07083000
264,7.95,2020-11-04T23:45:00.000-07:00,1.35,07083000
265,7.95,2020-11-05T00:00:00.000-07:00,1.35,07083000
266,7.95,2020-11-05T00:15:00.000-07:00,1.35,07083000
267,7.95,2020-11-05T00:30:00.000-07:00,1.35,07083000
268,7.95,2020-11-05T00:45:00.000-07:00,1.35,07083000
269,7.95,2020-11-05T01:00:00.000-07:00,1.35,07083000
270,7.95,2020-11-05T01:15:00.000-07:00,1.35,07083000
271,7.95,2020-11-05T01:30:00.000-07:00,1.35,07083000
272,7.95,2020-11-05T01:45:00.000-07:00,1.35,07083000
273,7.95,2020-11-05T02:00:00.000-07:00,1.35,07083000
274,7.95,2020-11-05T02:15:00.000-07:00,1.35,07083000
275,7.95,2020-11-05T02:30:00.000-07:00,1.35,07083000
276,7.67,2020-11-05T02:45:00.000-07:00,1.34,07083000
277,7.67,2020-11-05T03:00:00.000-07:00,1.34,07083000
278,7.67,2020-11-05T03:15:00.000-07:00,1.34,07083000
279,7.67,2020-11-05T03:30:00.000-07:00,1.34,07083000
280,7.67,2020-11-05T03:45:00.000-07:00,1.34,07083000
281,7.67,2020-11-05T04:00:00.000-07:00,1.34,07083000
282,7.67,2020-11-05T04:15:00.000-07:00,1.34,07083000
283,7.67,2020-11-05T04:30:00.000-07:00,1.34,07083000
284,7.67,2020-11-05T04:45:00.000-07:00,1.34,07083000
285,7.95,2020-11-05T05:00:00.000-07:00,1.35,07083000
286,7.67,2020-11-05T05:15:00.000-07:00,1.34,07083000
287,7.62,2020-11-05T05:30:00.000-07:00,1.34,07083000
288,7.51,2020-11-05T09:30:00.000-07:00,1.43,07083000
289,7.40,2020-11-05T12:00:00.000-07:00,1.33,07083000
290,7.40,2020-11-05T12:15:00.000-07:00,1.33,07083000
291,7.40,2020-11-05T12:30:00.000-07:00,1.33,07083000
292,7.40,2020-11-05T12:45:00.000-07:00,1.33,07083000
293,7.40,2020-11-05T13:00:00.000-07:00,1.33,07083000
294,7.40,2020-11-05T13:15:00.000-07:00,1.33,07083000
295,7.40,2020-11-05T13:30:00.000-07:00,1.33,07083000
296,7.14,2020-11-05T13:45:00.000-07:00,1.32,07083000
297,7.40,2020-11-05T14:00:00.000-07:00,1.33,07083000
298,7.14,2020-11-05T14:15:00.000-07:00,1.32,07083000
299,7.14,2020-11-05T14:30:00.000-07:00,1.32,07083000
300,7.14,2020-11-05T14:45:00.000-07:00,1.32,07083000
301,7.14,2020-11-05T15:00:00.000-07:00,1.32,07083000
302,7.14,2020-11-05T15:15:00.000-07:00,1.32,07083000
303,7.14,2020-11-05T15:30:00.000-07:00,1.32,07083000
304,7.14,2020-11-05T15:45:00.000-07:00,1.32,07083000
305,7.14,2020-11-05T16:00:00.000-07:00,1.32,07083000
306,7.14,2020-11-05T16:15:00.000-07:00,1.32,07083000
307,7.14,2020-11-05T16:30:00.000-07:00,1.32,07083000
308,7.14,2020-11-05T16:45:00.000-07:00,1.32,07083000
309,7.14,2020-11-05T17:00:00.000-07:00,1.32,07083000
310,7.14,2020-11-05T17:15:00.000-07:00,1.32,07083000
311,7.14,2020-11-05T17:30:00.000-07:00,1.32,07083000
312,7.14,2020-11-05T17:45:00.000-07:00,1.32,07083000
313,7.14,2020-11-05T18:00:00.000-07:00,1.32,07083000
314,7.40,2020-11-05T18:15:00.000-07:00,1.33,07083000
315,7.95,2020-11-05T18:30:00.000-07:00,1.35,07083000
316,8.23,2020-11-05T18:45:00.000-07:00,1.36,07083000
317,8.23,2020-11-05T19:00:00.000-07:00,1.36,07083000
318,8.23,2020-11-05T19:15:00.000-07:00,1.36,07083000
319,8.52,2020-11-05T19:30:00.000-07:00,1.37,07083000
320,8.52,2020-11-05T19:45:00.000-07:00,1.37,07083000
321,8.23,2020-11-05T20:00:00.000-07:00,1.36,07083000
322,8.23,2020-11-05T20:15:00.000-07:00,1.36,07083000
323,8.23,2020-11-05T20:30:00.000-07:00,1.36,07083000
324,8.23,2020-11-05T20:45:00.000-07:00,1.36,07083000
325,8.23,2020-11-05T21:00:00.000-07:00,1.36,07083000
326,8.23,2020-11-05T21:15:00.000-07:00,1.36,07083000
327,8.23,2020-11-05T21:30:00.000-07:00,1.36,07083000
328,8.23,2020-11-05T21:45:00.000-07:00,1.36,07083000
329,8.23,2020-11-05T22:00:00.000-07:00,1.36,07083000
330,8.23,2020-11-05T22:15:00.000-07:00,1.36,07083000
331,8.23,2020-11-05T22:30:00.000-07:00,1.36,07083000
332,8.23,2020-11-05T22:45:00.000-07:00,1.36,07083000
333,7.95,2020-11-05T23:00:00.000-07:00,1.35,07083000
334,7.95,2020-11-05T23:15:00.000-07:00,1.35,07083000
335,7.95,2020-11-05T23:30:00.000-07:00,1.35,07083000
336,7.95,2020-11-05T23:45:00.000-07:00,1.35,07083000
337,7.95,2020-11-06T00:00:00.000-07:00,1.35,07083000
338,7.95,2020-11-06T00:15:00.000-07:00,1.35,07083000
339,7.95,2020-11-06T00:30:00.000-07:00,1.35,07083000
340,7.95,2020-11-06T00:45:00.000-07:00,1.35,07083000
341,7.95,2020-11-06T01:00:00.000-07:00,1.35,07083000
342,7.95,2020-11-06T01:15:00.000-07:00,1.35,07083000
343,7.67,2020-11-06T01:30:00.000-07:00,1.34,07083000
344,7.67,2020-11-06T01:45:00.000-07:00,1.34,07083000
345,7.67,2020-11-06T02:00:00.000-07:00,1.34,07083000
346,7.67,2020-11-06T02:15:00.000-07:00,1.34,07083000
347,7.67,2020-11-06T02:30:00.000-07:00,1.34,07083000
348,7.67,2020-11-06T02:45:00.000-07:00,1.34,07083000
349,7.67,2020-11-06T03:00:00.000-07:00,1.34,07083000
350,7.40,2020-11-06T03:15:00.000-07:00,1.33,07083000
351,7.40,2020-11-06T03:30:00.000-07:00,1.33,07083000
352,7.14,2020-11-06T03:45:00.000-07:00,1.32,07083000
353,7.18,2020-11-06T07:45:00.000-07:00,1.39,07083000
354,7.38,2020-11-06T11:45:00.000-07:00,1.34,07083000
355,7.40,2020-11-06T12:15:00.000-07:00,1.33,07083000
356,7.67,2020-11-06T12:30:00.000-07:00,1.34,07083000
357,7.67,2020-11-06T12:45:00.000-07:00,1.34,07083000
358,7.67,2020-11-06T13:00:00.000-07:00,1.34,07083000
359,7.67,2020-11-06T13:15:00.000-07:00,1.34,07083000
360,7.40,2020-11-06T13:30:00.000-07:00,1.33,07083000
361,7.40,2020-11-06T13:45:00.000-07:00,1.33,07083000
362,7.40,2020-11-06T14:00:00.000-07:00,1.33,07083000
363,7.40,2020-11-06T14:15:00.000-07:00,1.33,07083000
364,7.14,2020-11-06T14:30:00.000-07:00,1.32,07083000
365,7.14,2020-11-06T14:45:00.000-07:00,1.32,07083000
366,7.14,2020-11-06T15:00:00.000-07:00,1.32,07083000
367,7.14,2020-11-06T15:15:00.000-07:00,1.32,07083000
368,7.14,2020-11-06T15:30:00.000-07:00,1.32,07083000
369,7.40,2020-11-06T15:45:00.000-07:00,1.33,07083000
370,7.40,2020-11-06T16:00:00.000-07:00,1.33,07083000
371,7.40,2020-11-06T16:15:00.000-07:00,1.33,07083000
372,7.67,2020-11-06T16:30:00.000-07:00,1.34,07083000
373,7.67,2020-11-06T16:45:00.000-07:00,1.34,07083000
374,7.67,2020-11-06T17:00:00.000-07:00,1.34,07083000
375,7.67,2020-11-06T17:15:00.000-07:00,1.34,07083000
376,7.95,2020-11-06T17:30:00.000-07:00,1.35,07083000
377,7.95,2020-11-06T17:45:00.000-07:00,1.35,07083000
378,8.23,2020-11-06T18:00:00.000-07:00,1.36,07083000
379,8.23,2020-11-06T18:15:00.000-07:00,1.36,07083000
380,8.23,2020-11-06T18:30:00.000-07:00,1.36,07083000
381,8.23,2020-11-06T18:45:00.000-07:00,1.36,07083000
382,8.23,2020-11-06T19:00:00.000-07:00,1.36,07083000
383,8.23,2020-11-06T19:15:00.000-07:00,1.36,07083000
384,8.23,2020-11-06T19:30:00.000-07:00,1.36,07083000
385,7.95,2020-11-06T19:45:00.000-07:00,1.35,07083000
386,7.95,2020-11-06T20:00:00.000-07:00,1.35,07083000
387,7.95,2020-11-06T20:15:00.000-07:00,1.35,07083000
388,7.95,2020-11-06T20:30:00.000-07:00,1.35,07083000
389,7.95,2020-11-06T20:45:00.000-07:00,1.35,07083000
390,7.95,2020-11-06T21:00:00.000-07:00,1.35,07083000
391,7.95,2020-11-06T21:15:00.000-07:00,1.35,07083000
392,7.95,2020-11-06T21:30:00.000-07:00,1.35,07083000
393,7.95,2020-11-06T21:45:00.000-07:00,1.35,07083000
394,7.95,2020-11-06T22:00:00.000-07:00,1.35,07083000
395,7.95,2020-11-06T22:15:00.000-07:00,1.35,07083000
396,7.95,2020-11-06T22:30:00.000-07:00,1.35,07083000
397,7.95,2020-11-06T22:45:00.000-07:00,1.35,07083000
398,7.67,2020-11-06T23:00:00.000-07:00,1.34,07083000
399,7.67,2020-11-06T23:15:00.000-07:00,1.34,07083000
400,7.67,2020-11-06T23:30:00.000-07:00,1.34,07083000
401,7.67,2020-11-06T23:45:00.000-07:00,1.34,07083000
402,7.67,2020-11-07T00:00:00.000-07:00,1.34,07083000
403,7.67,2020-11-07T00:15:00.000-07:00,1.34,07083000
404,7.67,2020-11-07T00:30:00.000-07:00,1.34,07083000
405,7.67,2020-11-07T00:45:00.000-07:00,1.34,07083000
406,7.67,2020-11-07T01:00:00.000-07:00,1.34,07083000
407,7.67,2020-11-07T01:15:00.000-07:00,1.34,07083000
408,7.67,2020-11-07T01:30:00.000-07:00,1.34,07083000
409,7.67,2020-11-07T01:45:00.000-07:00,1.34,07083000
410,7.67,2020-11-07T02:00:00.000-07:00,1.34,07083000
411,7.67,2020-11-07T02:15:00.000-07:00,1.34,07083000
412,7.67,2020-11-07T02:30:00.000-07:00,1.34,07083000
413,7.67,2020-11-07T02:45:00.000-07:00,1.34,07083000
414,7.67,2020-11-07T03:00:00.000-07:00,1.34,07083000
415,7.67,2020-11-07T03:15:00.000-07:00,1.34,07083000
416,7.67,2020-11-07T03:30:00.000-07:00,1.34,07083000
417,7.40,2020-11-07T03:45:00.000-07:00,1.33,07083000
418,7.40,2020-11-07T04:00:00.000-07:00,1.33,07083000
419,7.67,2020-11-07T04:15:00.000-07:00,1.34,07083000
420,7.40,2020-11-07T04:30:00.000-07:00,1.33,07083000
421,7.40,2020-11-07T04:45:00.000-07:00,1.33,07083000
422,7.40,2020-11-07T05:00:00.000-07:00,1.33,07083000
423,7.40,2020-11-07T05:15:00.000-07:00,1.33,07083000
424,7.40,2020-11-07T05:30:00.000-07:00,1.33,07083000
425,7.40,2020-11-07T05:45:00.000-07:00,1.33,07083000
426,7.40,2020-11-07T06:00:00.000-07:00,1.33,07083000
427,7.40,2020-11-07T06:15:00.000-07:00,1.33,07083000
428,7.40,2020-11-07T06:30:00.000-07:00,1.33,07083000
429,7.40,2020-11-07T06:45:00.000-07:00,1.33,07083000
430,7.40,2020-11-07T07:00:00.000-07:00,1.33,07083000
431,7.67,2020-11-07T07:15:00.000-07:00,1.34,07083000
432,7.67,2020-11-07T07:30:00.000-07:00,1.34,07083000
433,7.67,2020-11-07T07:45:00.000-07:00,1.34,07083000
434,7.67,2020-11-07T08:00:00.000-07:00,1.34,07083000
435,7.67,2020-11-07T08:15:00.000-07:00,1.34,07083000
436,7.67,2020-11-07T08:30:00.000-07:00,1.34,07083000
437,7.40,2020-11-07T08:45:00.000-07:00,1.33,07083000
438,7.14,2020-11-07T09:00:00.000-07:00,1.32,07083000
439,7.14,2020-11-07T09:15:00.000-07:00,1.32,07083000
440,7.14,2020-11-07T09:30:00.000-07:00,1.32,07083000
441,7.14,2020-11-07T09:45:00.000-07:00,1.32,07083000
442,7.14,2020-11-07T10:00:00.000-07:00,1.32,07083000
443,7.40,2020-11-07T10:15:00.000-07:00,1.33,07083000
444,7.40,2020-11-07T10:30:00.000-07:00,1.33,07083000
445,7.40,2020-11-07T10:45:00.000-07:00,1.33,07083000
446,7.40,2020-11-07T11:00:00.000-07:00,1.33,07083000
447,7.40,2020-11-07T11:15:00.000-07:00,1.33,07083000
448,7.40,2020-11-07T11:30:00.000-07:00,1.33,07083000
449,7.40,2020-11-07T11:45:00.000-07:00,1.33,07083000
450,7.40,2020-11-07T12:00:00.000-07:00,1.33,07083000
451,7.40,2020-11-07T12:15:00.000-07:00,1.33,07083000
452,7.40,2020-11-07T12:30:00.000-07:00,1.33,07083000
453,7.40,2020-11-07T12:45:00.000-07:00,1.33,07083000
454,7.40,2020-11-07T13:00:00.000-07:00,1.33,07083000
455,7.40,2020-11-07T13:15:00.000-07:00,1.33,07083000
456,7.40,2020-11-07T13:30:00.000-07:00,1.33,07083000
457,7.40,2020-11-07T13:45:00.000-07:00,1.33,07083000
458,7.40,2020-11-07T14:00:00.000-07:00,1.33,07083000
459,7.40,2020-11-07T14:15:00.000-07:00,1.33,07083000
460,7.40,2020-11-07T14:30:00.000-07:00,1.33,07083000
461,7.40,2020-11-07T14:45:00.000-07:00,1.33,07083000
462,7.40,2020-11-07T15:00:00.000-07:00,1.33,07083000
463,7.40,2020-11-07T15:15:00.000-07:00,1.33,07083000
464,7.40,2020-11-07T15:30:00.000-07:00,1.33,07083000
465,7.40,2020-11-07T15:45:00.000-07:00,1.33,07083000
466,7.40,2020-11-07T16:00:00.000-07:00,1.33,07083000
467,7.40,2020-11-07T16:15:00.000-07:00,1.33,07083000
468,7.40,2020-11-07T16:30:00.000-07:00,1.33,07083000
469,7.40,2020-11-07T16:45:00.000-07:00,1.33,07083000
470,7.67,2020-11-07T17:00:00.000-07:00,1.34,07083000
471,7.67,2020-11-07T17:15:00.000-07:00,1.34,07083000
472,7.67,2020-11-07T17:30:00.000-07:00,1.34,07083000
473,7.67,2020-11-07T17:45:00.000-07:00,1.34,07083000
474,7.95,2020-11-07T18:00:00.000-07:00,1.35,07083000
475,7.95,2020-11-07T18:15:00.000-07:00,1.35,07083000
476,7.95,2020-11-07T18:30:00.000-07:00,1.35,07083000
477,7.95,2020-11-07T18:45:00.000-07:00,1.35,07083000
478,8.23,2020-11-07T19:00:00.000-07:00,1.36,07083000
479,8.23,2020-11-07T19:15:00.000-07:00,1.36,07083000
480,8.52,2020-11-07T19:30:00.000-07:00,1.37,07083000
481,8.82,2020-11-07T19:45:00.000-07:00,1.38,07083000
482,8.82,2020-11-07T20:00:00.000-07:00,1.38,07083000
483,8.82,2020-11-07T20:15:00.000-07:00,1.38,07083000
484,8.82,2020-11-07T20:30:00.000-07:00,1.38,07083000
485,8.82,2020-11-07T20:45:00.000-07:00,1.38,07083000
486,9.12,2020-11-07T21:00:00.000-07:00,1.39,07083000
487,9.12,2020-11-07T21:15:00.000-07:00,1.39,07083000
488,9.12,2020-11-07T21:30:00.000-07:00,1.39,07083000
489,9.12,2020-11-07T21:45:00.000-07:00,1.39,07083000
490,9.12,2020-11-07T22:00:00.000-07:00,1.39,07083000
491,9.43,2020-11-07T22:15:00.000-07:00,1.40,07083000
492,9.43,2020-11-07T22:30:00.000-07:00,1.40,07083000
493,9.43,2020-11-07T22:45:00.000-07:00,1.40,07083000
494,8.82,2020-11-07T23:00:00.000-07:00,1.38,07083000
495,8.52,2020-11-07T23:15:00.000-07:00,1.37,07083000
496,8.23,2020-11-07T23:30:00.000-07:00,1.36,07083000
497,8.23,2020-11-07T23:45:00.000-07:00,1.36,07083000
498,8.23,2020-11-08T00:00:00.000-07:00,1.36,07083000
499,7.95,2020-11-08T00:15:00.000-07:00,1.35,07083000
500,7.40,2020-11-08T00:30:00.000-07:00,1.33,07083000
501,7.25,2020-11-08T04:30:00.000-07:00,1.35,07083000
502,7.14,2020-11-08T07:30:00.000-07:00,1.32,07083000
503,7.14,2020-11-08T07:45:00.000-07:00,1.32,07083000
504,7.14,2020-11-08T08:00:00.000-07:00,1.32,07083000
505,7.14,2020-11-08T08:15:00.000-07:00,1.32,07083000
506,7.14,2020-11-08T08:30:00.000-07:00,1.32,07083000
507,7.40,2020-11-08T08:45:00.000-07:00,1.33,07083000
508,7.40,2020-11-08T09:00:00.000-07:00,1.33,07083000
509,7.40,2020-11-08T09:15:00.000-07:00,1.33,07083000
510,7.40,2020-11-08T09:30:00.000-07:00,1.33,07083000
511,7.40,2020-11-08T09:45:00.000-07:00,1.33,07083000
512,7.40,2020-11-08T10:00:00.000-07:00,1.33,07083000
513,7.67,2020-11-08T10:15:00.000-07:00,1.34,07083000
514,7.67,2020-11-08T10:30:00.000-07:00,1.34,07083000
515,7.67,2020-11-08T10:45:00.000-07:00,1.34,07083000
516,7.67,2020-11-08T11:00:00.000-07:00,1.34,07083000
517,7.67,2020-11-08T11:15:00.000-07:00,1.34,07083000
518,7.95,2020-11-08T11:30:00.000-07:00,1.35,07083000
519,7.95,2020-11-08T11:45:00.000-07:00,1.35,07083000
520,7.95,2020-11-08T12:00:00.000-07:00,1.35,07083000
521,7.95,2020-11-08T12:15:00.000-07:00,1.35,07083000
522,7.95,2020-11-08T12:30:00.000-07:00,1.35,07083000
523,7.95,2020-11-08T12:45:00.000-07:00,1.35,07083000
524,7.95,2020-11-08T13:00:00.000-07:00,1.35,07083000
525,7.95,2020-11-08T13:15:00.000-07:00,1.35,07083000
526,7.95,2020-11-08T13:30:00.000-07:00,1.35,07083000
527,7.95,2020-11-08T13:45:00.000-07:00,1.35,07083000
528,7.95,2020-11-08T14:00:00.000-07:00,1.35,07083000
529,7.67,2020-11-08T14:15:00.000-07:00,1.34,07083000
530,7.67,2020-11-08T14:30:00.000-07:00,1.34,07083000
531,7.67,2020-11-08T14:45:00.000-07:00,1.34,07083000
532,7.67,2020-11-08T15:00:00.000-07:00,1.34,07083000
533,7.67,2020-11-08T15:15:00.000-07:00,1.34,07083000
534,7.67,2020-11-08T15:30:00.000-07:00,1.34,07083000
535,7.67,2020-11-08T15:45:00.000-07:00,1.34,07083000
536,7.53,2020-11-08T16:00:00.000-07:00,1.34,07083000
537,7.48,2020-11-08T20:00:00.000-07:00,1.38,07083000
538,7.47,2020-11-09T00:00:00.000-07:00,1.40,07083000
539,7.65,2020-11-09T12:00:00.000-07:00,1.47,07083000
540,7.64,2020-11-09T16:00:00.000-07:00,1.43,07083000
541,7.50,2020-11-10T08:00:00.000-07:00,1.59,07083000
542,7.51,2020-11-10T12:00:00.000-07:00,1.41,07083000
543,7.55,2020-11-10T16:00:00.000-07:00,1.37,07083000
544,7.67,2020-11-10T17:45:00.000-07:00,1.34,07083000
545,7.67,2020-11-10T18:00:00.000-07:00,1.34,07083000
546,7.67,2020-11-10T18:15:00.000-07:00,1.34,07083000
547,7.40,2020-11-10T18:30:00.000-07:00,1.33,07083000
548,7.67,2020-11-10T18:45:00.000-07:00,1.34,07083000
549,7.67,2020-11-10T19:00:00.000-07:00,1.34,07083000
550,7.67,2020-11-10T19:15:00.000-07:00,1.34,07083000
551,7.67,2020-11-10T19:30:00.000-07:00,1.34,07083000
552,7.50,2020-11-11T11:30:00.000-07:00,1.41,07083000
553,7.42,2020-11-11T19:30:00.000-07:00,1.41,07083000
554,7.26,2020-11-12T03:30:00.000-07:00,1.42,07083000
555,7.19,2020-11-12T07:30:00.000-07:00,1.37,07083000
556,7.14,2020-11-12T11:30:00.000-07:00,1.41,07083000
557,7.10,2020-11-12T15:30:00.000-07:00,1.44,07083000
558,7.10,2020-11-12T19:30:00.000-07:00,1.37,07083000
559,7.09,2020-11-12T23:30:00.000-07:00,1.33,07083000
560,7.07,2020-11-13T03:30:00.000-07:00,1.33,07083000
561,7.05,2020-11-13T07:30:00.000-07:00,1.35,07083000
562,7.03,2020-11-13T11:30:00.000-07:00,1.44,07083000
563,7.01,2020-11-13T15:30:00.000-07:00,1.62,07083000
564,6.87,2020-11-14T07:30:00.000-07:00,1.64,07083000
565,6.85,2020-11-14T11:30:00.000-07:00,1.64,07083000
566,6.84,2020-11-14T15:30:00.000-07:00,1.54,07083000
567,6.84,2020-11-14T19:30:00.000-07:00,1.33,07083000
568,6.85,2020-11-14T23:30:00.000-07:00,1.29,07083000
569,6.87,2020-11-15T03:30:00.000-07:00,1.31,07083000
570,6.95,2020-11-15T07:30:00.000-07:00,1.40,07083000
571,7.20,2020-11-15T11:30:00.000-07:00,1.53,07083000
572,7.67,2020-11-16T09:30:00.000-07:00,1.57,07083000
573,8.60,2020-11-16T13:30:00.000-07:00,1.49,07083000
574,8.74,2020-11-16T17:30:00.000-07:00,1.43,07083000
575,8.46,2020-11-16T21:30:00.000-07:00,1.45,07083000
576,8.50,2020-11-17T05:30:00.000-07:00,1.40,07083000
577,8.52,2020-11-17T06:45:00.000-07:00,1.37,07083000
578,8.52,2020-11-17T07:00:00.000-07:00,1.37,07083000
579,8.52,2020-11-17T07:15:00.000-07:00,1.37,07083000
580,8.58,2020-11-17T11:15:00.000-07:00,1.78,07083000
581,8.75,2020-11-17T15:15:00.000-07:00,1.42,07083000
582,8.82,2020-11-17T16:30:00.000-07:00,1.38,07083000
583,8.82,2020-11-17T16:45:00.000-07:00,1.38,07083000
584,8.52,2020-11-17T17:00:00.000-07:00,1.37,07083000
585,8.82,2020-11-17T17:15:00.000-07:00,1.38,07083000
586,8.52,2020-11-17T17:30:00.000-07:00,1.37,07083000
587,8.52,2020-11-17T17:45:00.000-07:00,1.37,07083000
588,8.82,2020-11-17T18:00:00.000-07:00,1.38,07083000
589,8.82,2020-11-17T18:15:00.000-07:00,1.38,07083000
590,8.52,2020-11-17T18:30:00.000-07:00,1.37,07083000
591,8.52,2020-11-17T18:45:00.000-07:00,1.37,07083000
592,8.52,2020-11-17T19:00:00.000-07:00,1.37,07083000
593,8.52,2020-11-17T19:15:00.000-07:00,1.37,07083000
594,8.52,2020-11-17T19:30:00.000-07:00,1.37,07083000
595,8.52,2020-11-17T19:45:00.000-07:00,1.37,07083000
596,8.52,2020-11-17T20:00:00.000-07:00,1.37,07083000
597,8.52,2020-11-17T20:15:00.000-07:00,1.37,07083000
598,8.82,2020-11-17T20:30:00.000-07:00,1.38,07083000
599,8.82,2020-11-17T20:45:00.000-07:00,1.38,07083000
600,8.82,2020-11-17T21:00:00.000-07:00,1.38,07083000
601,8.82,2020-11-17T21:15:00.000-07:00,1.38,07083000
602,9.12,2020-11-17T21:30:00.000-07:00,1.39,07083000
603,8.82,2020-11-17T21:45:00.000-07:00,1.38,07083000
604,9.12,2020-11-17T22:00:00.000-07:00,1.39,07083000
605,8.72,2020-11-17T22:15:00.000-07:00,1.38,07083000
606,7.44,2020-11-18T10:15:00.000-07:00,1.52,07083000
607,7.40,2020-11-18T12:15:00.000-07:00,1.33,07083000
608,7.95,2020-11-18T12:30:00.000-07:00,1.35,07083000
609,8.23,2020-11-18T12:45:00.000-07:00,1.36,07083000
610,8.23,2020-11-18T13:00:00.000-07:00,1.36,07083000
611,8.82,2020-11-18T13:15:00.000-07:00,1.38,07083000
612,8.52,2020-11-18T13:30:00.000-07:00,1.37,07083000
613,9.12,2020-11-18T13:45:00.000-07:00,1.39,07083000
614,8.52,2020-11-18T14:00:00.000-07:00,1.37,07083000
615,8.82,2020-11-18T14:15:00.000-07:00,1.38,07083000
616,8.82,2020-11-18T14:30:00.000-07:00,1.38,07083000
617,8.82,2020-11-18T14:45:00.000-07:00,1.38,07083000
618,8.52,2020-11-18T15:00:00.000-07:00,1.37,07083000
619,8.52,2020-11-18T15:15:00.000-07:00,1.37,07083000
620,8.52,2020-11-18T15:30:00.000-07:00,1.37,07083000
621,8.23,2020-11-18T15:45:00.000-07:00,1.36,07083000
622,8.23,2020-11-18T16:00:00.000-07:00,1.36,07083000
623,8.23,2020-11-18T16:15:00.000-07:00,1.36,07083000
624,8.23,2020-11-18T16:30:00.000-07:00,1.36,07083000
625,8.23,2020-11-18T16:45:00.000-07:00,1.36,07083000
626,8.23,2020-11-18T17:00:00.000-07:00,1.36,07083000
627,8.23,2020-11-18T17:15:00.000-07:00,1.36,07083000
628,8.23,2020-11-18T17:30:00.000-07:00,1.36,07083000
629,8.23,2020-11-18T17:45:00.000-07:00,1.36,07083000
630,7.95,2020-11-18T18:00:00.000-07:00,1.35,07083000
631,7.95,2020-11-18T18:15:00.000-07:00,1.35,07083000
632,7.95,2020-11-18T18:30:00.000-07:00,1.35,07083000
633,8.23,2020-11-18T18:45:00.000-07:00,1.36,07083000
634,8.23,2020-11-18T19:00:00.000-07:00,1.36,07083000
635,7.95,2020-11-18T19:15:00.000-07:00,1.35,07083000
636,7.95,2020-11-18T19:30:00.000-07:00,1.35,07083000
637,8.23,2020-11-18T19:45:00.000-07:00,1.36,07083000
638,8.23,2020-11-18T20:00:00.000-07:00,1.36,07083000
639,8.23,2020-11-18T20:15:00.000-07:00,1.36,07083000
640,8.23,2020-11-18T20:30:00.000-07:00,1.36,07083000
641,8.23,2020-11-18T20:45:00.000-07:00,1.36,07083000
642,8.22,2020-11-18T21:00:00.000-07:00,1.36,07083000
643,7.67,2020-11-19T12:15:00.000-07:00,1.34,07083000
644,8.23,2020-11-19T12:30:00.000-07:00,1.36,07083000
645,8.52,2020-11-19T12:45:00.000-07:00,1.37,07083000
646,8.52,2020-11-19T13:00:00.000-07:00,1.37,07083000
647,8.52,2020-11-19T13:15:00.000-07:00,1.37,07083000
648,8.52,2020-11-19T13:30:00.000-07:00,1.37,07083000
649,8.52,2020-11-19T13:45:00.000-07:00,1.37,07083000
650,8.23,2020-11-19T14:00:00.000-07:00,1.36,07083000
651,8.52,2020-11-19T14:15:00.000-07:00,1.37,07083000
652,8.52,2020-11-19T14:30:00.000-07:00,1.37,07083000
653,8.52,2020-11-19T14:45:00.000-07:00,1.37,07083000
654,8.23,2020-11-19T15:00:00.000-07:00,1.36,07083000
655,8.52,2020-11-19T15:15:00.000-07:00,1.37,07083000
656,8.52,2020-11-19T15:30:00.000-07:00,1.37,07083000
657,8.52,2020-11-19T15:45:00.000-07:00,1.37,07083000
658,8.52,2020-11-19T16:00:00.000-07:00,1.37,07083000
659,8.52,2020-11-19T16:15:00.000-07:00,1.37,07083000
660,8.52,2020-11-19T16:30:00.000-07:00,1.37,07083000
661,8.23,2020-11-19T16:45:00.000-07:00,1.36,07083000
662,8.23,2020-11-19T17:00:00.000-07:00,1.36,07083000
663,8.52,2020-11-19T17:15:00.000-07:00,1.37,07083000
664,8.23,2020-11-19T17:30:00.000-07:00,1.36,07083000
665,8.23,2020-11-19T17:45:00.000-07:00,1.36,07083000
666,8.23,2020-11-19T18:00:00.000-07:00,1.36,07083000
667,8.23,2020-11-19T18:15:00.000-07:00,1.36,07083000
668,8.23,2020-11-19T18:30:00.000-07:00,1.36,07083000
669,8.23,2020-11-19T18:45:00.000-07:00,1.36,07083000
670,8.23,2020-11-19T19:00:00.000-07:00,1.36,07083000
671,8.23,2020-11-19T19:15:00.000-07:00,1.36,07083000
672,8.23,2020-11-19T19:30:00.000-07:00,1.36,07083000
673,8.23,2020-11-19T19:45:00.000-07:00,1.36,07083000
674,8.23,2020-11-19T20:00:00.000-07:00,1.36,07083000
675,8.23,2020-11-19T20:15:00.000-07:00,1.36,07083000
676,8.23,2020-11-19T20:30:00.000-07:00,1.36,07083000
677,8.23,2020-11-19T20:45:00.000-07:00,1.36,07083000
678,8.23,2020-11-19T21:00:00.000-07:00,1.36,07083000
679,7.95,2020-11-19T21:15:00.000-07:00,1.35,07083000
680,7.93,2020-11-19T21:30:00.000-07:00,1.34,07083000
681,7.90,2020-11-20T01:30:00.000-07:00,1.41,07083000
682,7.92,2020-11-20T05:30:00.000-07:00,1.44,07083000
683,8.07,2020-11-20T09:30:00.000-07:00,1.59,07083000
684,8.76,2020-11-20T13:30:00.000-07:00,1.38,07083000
685,8.82,2020-11-20T13:45:00.000-07:00,1.38,07083000
686,8.82,2020-11-20T14:00:00.000-07:00,1.38,07083000
687,8.82,2020-11-20T14:15:00.000-07:00,1.38,07083000
688,8.82,2020-11-20T14:30:00.000-07:00,1.38,07083000
689,8.52,2020-11-20T14:45:00.000-07:00,1.37,07083000
690,8.52,2020-11-20T15:00:00.000-07:00,1.37,07083000
691,8.52,2020-11-20T15:15:00.000-07:00,1.37,07083000
692,8.52,2020-11-20T15:30:00.000-07:00,1.37,07083000
693,8.52,2020-11-20T15:45:00.000-07:00,1.37,07083000
694,8.52,2020-11-20T16:00:00.000-07:00,1.37,07083000
695,8.52,2020-11-20T16:15:00.000-07:00,1.37,07083000
696,8.52,2020-11-20T16:30:00.000-07:00,1.37,07083000
697,8.52,2020-11-20T16:45:00.000-07:00,1.37,07083000
698,8.52,2020-11-20T17:00:00.000-07:00,1.37,07083000
699,8.52,2020-11-20T17:15:00.000-07:00,1.37,07083000
700,8.52,2020-11-20T17:30:00.000-07:00,1.37,07083000
701,8.52,2020-11-20T17:45:00.000-07:00,1.37,07083000
702,8.23,2020-11-20T18:00:00.000-07:00,1.36,07083000
703,8.23,2020-11-20T18:15:00.000-07:00,1.36,07083000
704,8.52,2020-11-20T18:30:00.000-07:00,1.37,07083000
705,8.52,2020-11-20T18:45:00.000-07:00,1.37,07083000
706,8.52,2020-11-20T19:00:00.000-07:00,1.37,07083000
707,8.23,2020-11-20T19:15:00.000-07:00,1.36,07083000
708,8.23,2020-11-20T19:30:00.000-07:00,1.36,07083000
709,8.23,2020-11-20T19:45:00.000-07:00,1.36,07083000
710,8.23,2020-11-20T20:00:00.000-07:00,1.36,07083000
711,8.23,2020-11-20T20:15:00.000-07:00,1.36,07083000
712,8.23,2020-11-20T20:30:00.000-07:00,1.36,07083000
713,8.23,2020-11-20T20:45:00.000-07:00,1.36,07083000
714,8.23,2020-11-20T21:00:00.000-07:00,1.36,07083000
715,8.23,2020-11-20T21:15:00.000-07:00,1.36,07083000
716,8.23,2020-11-20T21:30:00.000-07:00,1.36,07083000
717,8.23,2020-11-20T21:45:00.000-07:00,1.36,07083000
718,8.23,2020-11-20T22:00:00.000-07:00,1.36,07083000
719,8.23,2020-11-20T22:15:00.000-07:00,1.36,07083000
720,8.23,2020-11-20T22:30:00.000-07:00,1.36,07083000
721,8.23,2020-11-20T22:45:00.000-07:00,1.36,07083000
722,8.23,2020-11-20T23:00:00.000-07:00,1.36,07083000
723,8.23,2020-11-20T23:15:00.000-07:00,1.36,07083000
724,8.23,2020-11-20T23:30:00.000-07:00,1.36,07083000
725,8.23,2020-11-20T23:45:00.000-07:00,1.36,07083000
726,8.23,2020-11-21T00:00:00.000-07:00,1.36,07083000
727,8.23,2020-11-21T00:15:00.000-07:00,1.36,07083000
728,8.23,2020-11-21T00:30:00.000-07:00,1.36,07083000
729,8.23,2020-11-21T00:45:00.000-07:00,1.36,07083000
730,8.23,2020-11-21T01:00:00.000-07:00,1.36,07083000
731,8.23,2020-11-21T01:15:00.000-07:00,1.36,07083000
732,8.23,2020-11-21T01:30:00.000-07:00,1.36,07083000
733,8.23,2020-11-21T01:45:00.000-07:00,1.36,07083000
734,8.23,2020-11-21T02:00:00.000-07:00,1.36,07083000
735,7.95,2020-11-21T02:15:00.000-07:00,1.35,07083000
736,8.23,2020-11-21T02:30:00.000-07:00,1.36,07083000
737,7.95,2020-11-21T02:45:00.000-07:00,1.35,07083000
738,8.23,2020-11-21T03:00:00.000-07:00,1.36,07083000
739,8.23,2020-11-21T03:15:00.000-07:00,1.36,07083000
740,8.23,2020-11-21T03:30:00.000-07:00,1.36,07083000
741,7.95,2020-11-21T03:45:00.000-07:00,1.35,07083000
742,7.95,2020-11-21T04:00:00.000-07:00,1.35,07083000
743,7.95,2020-11-21T04:15:00.000-07:00,1.35,07083000
744,7.95,2020-11-21T04:30:00.000-07:00,1.35,07083000
745,7.95,2020-11-21T04:45:00.000-07:00,1.35,07083000
746,8.23,2020-11-21T05:00:00.000-07:00,1.36,07083000
747,7.95,2020-11-21T05:15:00.000-07:00,1.35,07083000
748,7.95,2020-11-21T05:30:00.000-07:00,1.35,07083000
749,7.95,2020-11-21T05:45:00.000-07:00,1.35,07083000
750,7.95,2020-11-21T06:00:00.000-07:00,1.35,07083000
751,7.95,2020-11-21T06:15:00.000-07:00,1.35,07083000
752,7.95,2020-11-21T06:30:00.000-07:00,1.35,07083000
753,7.95,2020-11-21T06:45:00.000-07:00,1.35,07083000
754,7.95,2020-11-21T07:00:00.000-07:00,1.35,07083000
755,7.95,2020-11-21T07:15:00.000-07:00,1.35,07083000
756,7.95,2020-11-21T07:30:00.000-07:00,1.35,07083000
757,8.23,2020-11-21T07:45:00.000-07:00,1.36,07083000
758,7.95,2020-11-21T08:00:00.000-07:00,1.35,07083000
759,7.95,2020-11-21T08:15:00.000-07:00,1.35,07083000
760,8.23,2020-11-21T08:30:00.000-07:00,1.36,07083000
761,7.95,2020-11-21T08:45:00.000-07:00,1.35,07083000
762,7.95,2020-11-21T09:00:00.000-07:00,1.35,07083000
763,8.23,2020-11-21T09:15:00.000-07:00,1.36,07083000
764,7.95,2020-11-21T09:30:00.000-07:00,1.35,07083000
765,8.23,2020-11-21T09:45:00.000-07:00,1.36,07083000
766,7.95,2020-11-21T10:00:00.000-07:00,1.35,07083000
767,7.95,2020-11-21T10:15:00.000-07:00,1.35,07083000
768,8.23,2020-11-21T10:30:00.000-07:00,1.36,07083000
769,8.23,2020-11-21T10:45:00.000-07:00,1.36,07083000
770,8.23,2020-11-21T11:00:00.000-07:00,1.36,07083000
771,8.23,2020-11-21T11:15:00.000-07:00,1.36,07083000
772,8.23,2020-11-21T11:30:00.000-07:00,1.36,07083000
773,8.23,2020-11-21T11:45:00.000-07:00,1.36,07083000
774,8.23,2020-11-21T12:00:00.000-07:00,1.36,07083000
775,8.23,2020-11-21T12:15:00.000-07:00,1.36,07083000
776,8.23,2020-11-21T12:30:00.000-07:00,1.36,07083000
777,8.52,2020-11-21T12:45:00.000-07:00,1.37,07083000
778,8.52,2020-11-21T13:00:00.000-07:00,1.37,07083000
779,8.23,2020-11-21T13:15:00.000-07:00,1.36,07083000
780,8.82,2020-11-21T13:30:00.000-07:00,1.38,07083000
781,8.23,2020-11-21T13:45:00.000-07:00,1.36,07083000
782,8.52,2020-11-21T14:00:00.000-07:00,1.37,07083000
783,8.52,2020-11-21T14:15:00.000-07:00,1.37,07083000
784,8.52,2020-11-21T14:30:00.000-07:00,1.37,07083000
785,8.52,2020-11-21T14:45:00.000-07:00,1.37,07083000
786,8.52,2020-11-21T15:00:00.000-07:00,1.37,07083000
787,8.23,2020-11-21T15:15:00.000-07:00,1.36,07083000
788,8.23,2020-11-21T15:30:00.000-07:00,1.36,07083000
789,8.52,2020-11-21T15:45:00.000-07:00,1.37,07083000
790,8.52,2020-11-21T16:00:00.000-07:00,1.37,07083000
791,8.23,2020-11-21T16:15:00.000-07:00,1.36,07083000
792,8.23,2020-11-21T16:30:00.000-07:00,1.36,07083000
793,8.23,2020-11-21T16:45:00.000-07:00,1.36,07083000
794,8.23,2020-11-21T17:00:00.000-07:00,1.36,07083000
795,8.23,2020-11-21T17:15:00.000-07:00,1.36,07083000
796,8.23,2020-11-21T17:30:00.000-07:00,1.36,07083000
797,8.23,2020-11-21T17:45:00.000-07:00,1.36,07083000
798,8.23,2020-11-21T18:00:00.000-07:00,1.36,07083000
799,8.23,2020-11-21T18:15:00.000-07:00,1.36,07083000
800,8.23,2020-11-21T18:30:00.000-07:00,1.36,07083000
801,7.94,2020-11-21T18:45:00.000-07:00,1.35,07083000
802,7.94,2020-11-21T22:45:00.000-07:00,1.41,07083000
803,7.93,2020-11-22T02:45:00.000-07:00,1.49,07083000
804,7.92,2020-11-22T22:45:00.000-07:00,1.53,07083000
805,7.93,2020-11-23T06:45:00.000-07:00,1.39,07083000
806,7.95,2020-11-23T09:15:00.000-07:00,1.35,07083000
807,7.95,2020-11-23T09:30:00.000-07:00,1.35,07083000
808,7.95,2020-11-23T09:45:00.000-07:00,1.35,07083000
809,7.95,2020-11-23T10:00:00.000-07:00,1.35,07083000
810,7.95,2020-11-23T10:15:00.000-07:00,1.35,07083000
811,7.95,2020-11-23T10:30:00.000-07:00,1.35,07083000
812,8.52,2020-11-23T10:45:00.000-07:00,1.37,07083000
813,8.82,2020-11-23T11:00:00.000-07:00,1.38,07083000
814,7.95,2020-11-23T11:15:00.000-07:00,1.35,07083000
815,7.67,2020-11-23T11:30:00.000-07:00,1.34,07083000
816,7.95,2020-11-23T11:45:00.000-07:00,1.35,07083000
817,7.95,2020-11-23T12:00:00.000-07:00,1.35,07083000
818,7.95,2020-11-23T12:15:00.000-07:00,1.35,07083000
819,7.95,2020-11-23T12:30:00.000-07:00,1.35,07083000
820,7.95,2020-11-23T12:45:00.000-07:00,1.35,07083000
821,7.95,2020-11-23T13:00:00.000-07:00,1.35,07083000
822,7.95,2020-11-23T13:15:00.000-07:00,1.35,07083000
823,7.95,2020-11-23T13:30:00.000-07:00,1.35,07083000
824,8.23,2020-11-23T13:45:00.000-07:00,1.36,07083000
825,8.23,2020-11-23T14:00:00.000-07:00,1.36,07083000
826,8.23,2020-11-23T14:15:00.000-07:00,1.36,07083000
827,8.23,2020-11-23T14:30:00.000-07:00,1.36,07083000
828,7.95,2020-11-23T14:45:00.000-07:00,1.35,07083000
829,8.23,2020-11-23T15:00:00.000-07:00,1.36,07083000
830,8.23,2020-11-23T15:15:00.000-07:00,1.36,07083000
831,8.23,2020-11-23T15:30:00.000-07:00,1.36,07083000
832,8.23,2020-11-23T15:45:00.000-07:00,1.36,07083000
833,8.23,2020-11-23T16:00:00.000-07:00,1.36,07083000
834,7.95,2020-11-23T16:15:00.000-07:00,1.35,07083000
835,8.23,2020-11-23T16:30:00.000-07:00,1.36,07083000
836,8.23,2020-11-23T16:45:00.000-07:00,1.36,07083000
837,8.23,2020-11-23T17:00:00.000-07:00,1.36,07083000
838,8.23,2020-11-23T17:15:00.000-07:00,1.36,07083000
839,7.95,2020-11-23T17:30:00.000-07:00,1.35,07083000
840,7.95,2020-11-23T17:45:00.000-07:00,1.35,07083000
841,7.95,2020-11-23T18:00:00.000-07:00,1.35,07083000
842,7.95,2020-11-23T18:15:00.000-07:00,1.35,07083000
843,7.95,2020-11-23T18:30:00.000-07:00,1.35,07083000
844,7.95,2020-11-23T18:45:00.000-07:00,1.35,07083000
845,7.95,2020-11-23T19:00:00.000-07:00,1.35,07083000
846,7.95,2020-11-23T19:15:00.000-07:00,1.35,07083000
847,7.95,2020-11-23T19:30:00.000-07:00,1.35,07083000
848,7.95,2020-11-23T19:45:00.000-07:00,1.35,07083000
849,7.95,2020-11-23T20:00:00.000-07:00,1.35,07083000
850,7.95,2020-11-23T20:15:00.000-07:00,1.35,07083000
851,7.95,2020-11-23T20:30:00.000-07:00,1.35,07083000
852,7.95,2020-11-23T20:45:00.000-07:00,1.35,07083000
853,7.95,2020-11-23T21:00:00.000-07:00,1.35,07083000
854,7.95,2020-11-23T21:15:00.000-07:00,1.35,07083000
855,7.95,2020-11-23T21:30:00.000-07:00,1.35,07083000
856,7.95,2020-11-23T21:45:00.000-07:00,1.35,07083000
857,7.95,2020-11-23T22:00:00.000-07:00,1.35,07083000
858,7.95,2020-11-23T22:15:00.000-07:00,1.35,07083000
859,7.95,2020-11-23T22:30:00.000-07:00,1.35,07083000
860,7.95,2020-11-23T22:45:00.000-07:00,1.35,07083000
861,7.95,2020-11-23T23:00:00.000-07:00,1.35,07083000
862,7.95,2020-11-23T23:15:00.000-07:00,1.35,07083000
863,7.95,2020-11-23T23:30:00.000-07:00,1.35,07083000
864,7.95,2020-11-23T23:45:00.000-07:00,1.35,07083000
865,7.95,2020-11-24T00:00:00.000-07:00,1.35,07083000
866,7.95,2020-11-24T00:15:00.000-07:00,1.35,07083000
867,7.95,2020-11-24T00:30:00.000-07:00,1.35,07083000
868,7.95,2020-11-24T00:45:00.000-07:00,1.35,07083000
869,7.95,2020-11-24T01:00:00.000-07:00,1.35,07083000
870,7.67,2020-11-24T01:15:00.000-07:00,1.34,07083000
871,7.67,2020-11-24T01:30:00.000-07:00,1.34,07083000
872,7.67,2020-11-24T01:45:00.000-07:00,1.34,07083000
873,7.95,2020-11-24T02:00:00.000-07:00,1.35,07083000
874,7.67,2020-11-24T02:15:00.000-07:00,1.34,07083000
875,7.67,2020-11-24T02:30:00.000-07:00,1.34,07083000
876,7.67,2020-11-24T02:45:00.000-07:00,1.34,07083000
877,7.67,2020-11-24T03:00:00.000-07:00,1.34,07083000
878,7.67,2020-11-24T03:15:00.000-07:00,1.34,07083000
879,7.66,2020-11-24T03:30:00.000-07:00,1.34,07083000
880,7.47,2020-11-24T15:30:00.000-07:00,1.61,07083000
881,7.08,2020-11-24T23:30:00.000-07:00,1.40,07083000
882,6.88,2020-11-25T02:30:00.000-07:00,1.31,07083000
883,6.88,2020-11-25T02:45:00.000-07:00,1.31,07083000
884,6.88,2020-11-25T03:00:00.000-07:00,1.31,07083000
885,6.88,2020-11-25T03:15:00.000-07:00,1.31,07083000
886,6.88,2020-11-25T03:30:00.000-07:00,1.32,07083000
887,6.87,2020-11-25T11:30:00.000-07:00,1.72,07083000
888,6.84,2020-11-26T07:30:00.000-07:00,1.62,07083000
889,6.84,2020-11-26T11:30:00.000-07:00,1.53,07083000
890,6.86,2020-11-27T03:30:00.000-07:00,1.42,07083000
891,6.85,2020-11-27T07:30:00.000-07:00,1.35,07083000
892,6.85,2020-11-27T11:30:00.000-07:00,1.56,07083000
893,6.84,2020-11-27T15:30:00.000-07:00,1.65,07083000
894,6.84,2020-11-27T19:30:00.000-07:00,1.56,07083000
895,6.83,2020-11-27T23:30:00.000-07:00,1.47,07083000
896,6.83,2020-11-28T03:30:00.000-07:00,1.36,07083000
897,6.83,2020-11-28T07:30:00.000-07:00,1.49,07083000
898,6.82,2020-11-28T11:30:00.000-07:00,1.72,07083000
899,6.81,2020-11-28T15:30:00.000-07:00,1.75,07083000
900,6.81,2020-11-28T19:30:00.000-07:00,1.75,07083000
901,6.81,2020-11-28T23:30:00.000-07:00,1.72,07083000
902,6.80,2020-11-29T03:30:00.000-07:00,1.66,07083000
903,6.81,2020-11-29T07:30:00.000-07:00,1.60,07083000
904,6.81,2020-11-29T11:30:00.000-07:00,1.68,07083000
905,6.81,2020-11-29T15:30:00.000-07:00,1.74,07083000
906,6.81,2020-11-29T19:30:00.000-07:00,1.69,07083000
907,6.81,2020-11-30T03:30:00.000-07:00,1.56,07083000
908,6.81,2020-11-30T07:30:00.000-07:00,1.55,07083000
909,6.81,2020-11-30T11:30:00.000-07:00,1.82,07083000
910,6.73,2020-11-30T23:30:00.000-07:00,1.70,07083000
